商品标题,商品价格,商品详情链接
"Knee Pain Relief Patches, Pain Relief Patch For Knees, Wormwood Pain Relief Patch For Knee, Back, Neck, Shoulder Pain",£10.80,https://www.fruugo.co.uk/knee-pain-relief-patches-pain-relief-patch-for-knees-wormwood-pain-relief-patch-for-knee-back-neck-shoulder-pain/p-170934578
Soft Heated Electric Heating Blanket,£89.00,https://www.fruugo.co.uk/soft-heated-electric-heating-blanket/p-107072648
Travel Blanket 12v Car Heating Electric Blanket,£89.00,https://www.fruugo.co.uk/travel-blanket-12v-car-heating-electric-blanket/p-107071994
Soft Luxury Micro-fleece Washable 12v Electric Heated Blanket,£89.00,https://www.fruugo.co.uk/soft-luxury-micro-fleece-washable-12v-electric-heated-blanket/p-107072112
Tomoni Machine Washable Folding Size Grey Bed Cover Sheet Mattress Electric Under Blanket Fitted Pads,£199.00,https://www.fruugo.co.uk/tomoni-machine-washable-folding-size-grey-bed-cover-sheet-mattress-electric-under-blanket-fitted-pads/p-107072347
Electric Blanket Uk Plug Increase Single Control Double Control Household Constant Temperature Suede Electric Warm Blanket,£109.00,https://www.fruugo.co.uk/electric-blanket-uk-plug-increase-single-control-double-control-household-constant-temperature-suede-electric-warm-blanket/p-107072770
Sherpa Ectricas Mantas Composite Decking Heating Blanket 220v Electric Curing Silicone Ski Board Blanket For Bed Warmer Winter,£99.00,https://www.fruugo.co.uk/sherpa-ectricas-mantas-composite-decking-heating-blanket-220v-electric-curing-silicone-ski-board-blanket-for-bed-warmer-winter/p-107072521
Hot Sale Electric Throw Blanket Single Fleece For Sofa Chairs Bed,£94.00,https://www.fruugo.co.uk/hot-sale-electric-throw-blanket-single-fleece-for-sofa-chairs-bed/p-107072304
Machine Washable Smart Quality Electric Heated Thermal Therapy Winter Bed Blanket,£99.00,https://www.fruugo.co.uk/machine-washable-smart-quality-electric-heated-thermal-therapy-winter-bed-blanket/p-107072244
Sinyoo Electric Heated Heating Throw Blanket Twin Size King Size Electric Blanket,£104.00,https://www.fruugo.co.uk/sinyoo-electric-heated-heating-throw-blanket-twin-size-king-size-electric-blanket/p-107072545
"Warmer Mat, Portable Winter Heating Mattress Pad Electric Heated Blankets/",£104.00,https://www.fruugo.co.uk/warmer-mat-portable-winter-heating-mattress-pad-electric-heated-blankets/p-107072584
180x150 Electric Heating Blanket Thermostat Waterproof Blanket Double Body Warmer Winter Bed Mattress Electric Heated Carpet,£119.00,https://www.fruugo.co.uk/180x150-electric-heating-blanket-thermostat-waterproof-blanket-double-body-warmer-winter-bed-mattress-electric-heated-carpet/p-107072630
Navy Blue Machine Washable Wearable  Heater Electric Blankets For Winter,£99.00,https://www.fruugo.co.uk/navy-blue-machine-washable-wearable-heater-electric-blankets-for-winter/p-107071981
New Listing Pet Electric Blanket Living Room Pet Heating Pad Electric Thermal Blanket For Pets,£84.00,https://www.fruugo.co.uk/new-listing-pet-electric-blanket-living-room-pet-heating-pad-electric-thermal-blanket-for-pets/p-107072585
Smart Digital Warm Ultra Soft Flannel Sherpa Fleece Throw Electric Heated Blankets For Winter,£104.00,https://www.fruugo.co.uk/smart-digital-warm-ultra-soft-flannel-sherpa-fleece-throw-electric-heated-blankets-for-winter/p-107072007
"Heating Pad With 3 Level Menstrual For Back Or Belly Pain Relief,grey Tangrui",£41.86,https://www.fruugo.co.uk/heating-pad-with-3-level-menstrual-for-back-or-belly-pain-reliefgrey-tangrui/p-180938110
12pcs Inature Femaleslimming Yoni Pearls Fat Burning Yoni Pearls Anti Cellulite,£27.35,https://www.fruugo.co.uk/12pcs-inature-femaleslimming-yoni-pearls-fat-burning-yoni-pearls-anti-cellulite/p-165668144
Hmwy-5pcs Pain Relief Patch Plant Extract Synovitis Heat Patch Self Adhesive Anti Pain Sticker Promote Bl,£34.87,https://www.fruugo.co.uk/hmwy-5pcs-pain-relief-patch-plant-extract-synovitis-heat-patch-self-adhesive-anti-pain-sticker-promote-bl/p-72873877
Hmwy-5pcs Breast Hyperplasia Patch Pain Relieving Health Care Patch Nursing Acupoint Patch Plaster Anti P,£34.87,https://www.fruugo.co.uk/hmwy-5pcs-breast-hyperplasia-patch-pain-relieving-health-care-patch-nursing-acupoint-patch-plaster-anti-p/p-72872862
Hmwy-60pcs Warming Moxibustion Set 30 Wormwood Heat Patch 30 Navel Pills Improving Digest Sleep,£34.87,https://www.fruugo.co.uk/hmwy-60pcs-warming-moxibustion-set-30-wormwood-heat-patch-30-navel-pills-improving-digest-sleep/p-72873345
Kartokner Cute Cat Hot Water Bottle With Plush Cover 1l Classic Rubber Hot Water Bottle Soft Hot Cold Water Bag For Cramps Neck Shoulders Pain Relief(,£20.95,https://www.fruugo.co.uk/kartokner-cute-cat-hot-water-bottle-with-plush-cover-1l-classic-rubber-hot-water-bottle-soft-hot-cold-water-bag-for-cramps-neck-shoulders-pain-relief/p-185004328
Heating Pad With 3 Level Menstrual For Back Or Belly Pain Relief With Usb,£12.95,https://www.fruugo.co.uk/heating-pad-with-3-level-menstrual-for-back-or-belly-pain-relief-with-usb/p-185028256
4 Pairs Shoulder Push-up Pads Soft Silicone Adhesive Shoulder Pads Anti-slip Enhancer Shoulder Pads,£11.95,https://www.fruugo.co.uk/4-pairs-shoulder-push-up-pads-soft-silicone-adhesive-shoulder-pads-anti-slip-enhancer-shoulder-pads/p-185024888
"Heating Pad With 3 Level Menstrual For Back Or Belly Pain Relief,grey",£12.95,https://www.fruugo.co.uk/heating-pad-with-3-level-menstrual-for-back-or-belly-pain-reliefgrey/p-185022857
Heating Pad With 3 Level Menstrual For Back Or Belly Pain Relief With Usb,£11.95,https://www.fruugo.co.uk/heating-pad-with-3-level-menstrual-for-back-or-belly-pain-relief-with-usb/p-185015908
Adjustable Cervical Support 3-speed Heating Cervical Spine Traction Instrument 5-speed Height Adjustable Hot Compress Fixator Correction,£46.95,https://www.fruugo.co.uk/adjustable-cervical-support-3-speed-heating-cervical-spine-traction-instrument-5-speed-height-adjustable-hot-compress-fixator-correction/p-185007015
"Foot Warmer, Electric Footmuff With 6 Temperature Levels And Overheating Protection With Automatic Switch-off, Machine Washable, 50 W (foot Heating)",£32.95,https://www.fruugo.co.uk/foot-warmer-electric-footmuff-with-6-temperature-levels-and-overheating-protection-with-automatic-switch-off-machine-washable-50-w-foot-heating/p-185579011
Physiotherapy Heating Pad Electric Blanket,£26.95,https://www.fruugo.co.uk/physiotherapy-heating-pad-electric-blanket/p-185569432
Electric Heated Shawls Electric Blankets Eu Plug,£64.00,https://www.fruugo.co.uk/electric-heated-shawls-electric-blankets-eu-plug/p-115464988
"2l Long-strip Multifunctional Water-filled Rubber Hot Water Bags, Spec: Dark Gray Plush",£33.95,https://www.fruugo.co.uk/2l-long-strip-multifunctional-water-filled-rubber-hot-water-bags-spec-dark-gray-plush/p-116291173
U-shaped Pvc Hot Compress Shoulder And Neck Ehot Water Bag,£30.95,https://www.fruugo.co.uk/u-shaped-pvc-hot-compress-shoulder-and-neck-ehot-water-bag/p-113095428
U-shaped Pvc Hot Compress Shoulder And Neck Ehot Water Bag,£30.95,https://www.fruugo.co.uk/u-shaped-pvc-hot-compress-shoulder-and-neck-ehot-water-bag/p-113095552
商品标题,商品价格,商品详情链接
"Constant Temperature Graphene Electric Blanket, Color: Yellow",£21.95,https://www.fruugo.co.uk/constant-temperature-graphene-electric-blanket-color-yellow/p-115464998
U-shaped Pvc Hot Compress Shoulder And Neck Ehot Water Bag,£30.95,https://www.fruugo.co.uk/u-shaped-pvc-hot-compress-shoulder-and-neck-ehot-water-bag/p-113095435
U-shaped Pvc Hot Compress Shoulder And Neck Ehot Water Bag,£30.95,https://www.fruugo.co.uk/u-shaped-pvc-hot-compress-shoulder-and-neck-ehot-water-bag/p-113095437
Home Physiotherapy Heating Pad Electric Blanket Uk Plug,£38.95,https://www.fruugo.co.uk/home-physiotherapy-heating-pad-electric-blanket-uk-plug/p-115465004
U-shaped Pvc Hot Compress Shoulder And Neck Ehot Water Bag,£30.95,https://www.fruugo.co.uk/u-shaped-pvc-hot-compress-shoulder-and-neck-ehot-water-bag/p-113095575
"Fy-001 Multi-level Temperature Adjustment Timing Warm Electric Blanket , Size: 30x60cm Uk Plug",£39.95,https://www.fruugo.co.uk/fy-001-multi-level-temperature-adjustment-timing-warm-electric-blanket-size-30x60cm-uk-plug/p-115465009
"Fy-001 Multi-level Temperature Adjustment Timing Warm Electric Blanket , Size: 50x100cm Eu Plug",£59.00,https://www.fruugo.co.uk/fy-001-multi-level-temperature-adjustment-timing-warm-electric-blanket-size-50x100cm-eu-plug/p-115465010
0688 Pvc Plush Hand Pluggable Water-filled Hot Water Bags,£18.95,https://www.fruugo.co.uk/0688-pvc-plush-hand-pluggable-water-filled-hot-water-bags/p-116291223
U-shaped Pvc Hot Compress Shoulder And Neck Ehot Water Bag,£30.95,https://www.fruugo.co.uk/u-shaped-pvc-hot-compress-shoulder-and-neck-ehot-water-bag/p-113095591
U-shaped Pvc Hot Compress Shoulder And Neck Ehot Water Bag,£30.95,https://www.fruugo.co.uk/u-shaped-pvc-hot-compress-shoulder-and-neck-ehot-water-bag/p-113095449
"Home Physiotherapy Heating Pad Electric Heating Blanket, Size: 40x30cm, Plug Tpye: Us Plug",£42.95,https://www.fruugo.co.uk/home-physiotherapy-heating-pad-electric-heating-blanket-size-40x30cm-plug-tpye-us-plug/p-115465026
Electric Heated Shawls Electric Blankets Uk Plug,£64.00,https://www.fruugo.co.uk/electric-heated-shawls-electric-blankets-uk-plug/p-115465022
"Cartoon Plush Hot Water Bag, Spec: Pink Lucky Rabbit",£14.95,https://www.fruugo.co.uk/cartoon-plush-hot-water-bag-spec-pink-lucky-rabbit/p-125477461
"Cartoon Plush Hot Water Bag, Spec: Khaki Bear",£14.95,https://www.fruugo.co.uk/cartoon-plush-hot-water-bag-spec-khaki-bear/p-125477561
U-shaped Pvc Hot Compress Shoulder And Neck Ehot Water Bag,£30.95,https://www.fruugo.co.uk/u-shaped-pvc-hot-compress-shoulder-and-neck-ehot-water-bag/p-113095485
"2l Long-strip Multifunctional Water-filled Rubber Hot Water Bags, Spec: Pink Twist",£33.95,https://www.fruugo.co.uk/2l-long-strip-multifunctional-water-filled-rubber-hot-water-bags-spec-pink-twist/p-116291025
"2l Long-strip Multifunctional Water-filled Rubber Hot Water Bags, Spec: Light Gray Twist",£33.95,https://www.fruugo.co.uk/2l-long-strip-multifunctional-water-filled-rubber-hot-water-bags-spec-light-gray-twist/p-116291272
"Home Physiotherapy Heating Pad Electric Heating Blanket, Size: 40x30cm, Plug Tpye: Au Plug",£42.95,https://www.fruugo.co.uk/home-physiotherapy-heating-pad-electric-heating-blanket-size-40x30cm-plug-tpye-au-plug/p-115464922
"Home Physiotherapy Heating Pad Electric Heating Blanket, Size: 40x30cm, Plug Tpye: Eu Plug",£42.95,https://www.fruugo.co.uk/home-physiotherapy-heating-pad-electric-heating-blanket-size-40x30cm-plug-tpye-eu-plug/p-115464923
"Home Physiotherapy Heating Pad Electric Heating Blanket, Size: 76x40cm, Plug Tpye: Eu Plug",£54.00,https://www.fruugo.co.uk/home-physiotherapy-heating-pad-electric-heating-blanket-size-76x40cm-plug-tpye-eu-plug/p-115464926
"2l Long-strip Multifunctional Water-filled Rubber Hot Water Bags, Spec: Pink Leopard",£33.95,https://www.fruugo.co.uk/2l-long-strip-multifunctional-water-filled-rubber-hot-water-bags-spec-pink-leopard/p-116291287
U-shaped Pvc Hot Compress Shoulder And Neck Ehot Water Bag,£30.95,https://www.fruugo.co.uk/u-shaped-pvc-hot-compress-shoulder-and-neck-ehot-water-bag/p-113095493
"Home Physiotherapy Heating Pad Electric Heating Blanket, Size: 40x30cm, Plug Tpye: Us Plug",£42.95,https://www.fruugo.co.uk/home-physiotherapy-heating-pad-electric-heating-blanket-size-40x30cm-plug-tpye-us-plug/p-115464928
13cm One-piece Cover 304 Stainless Steel Soup Pouch Hand Warmer Hot Water Bottle,£27.95,https://www.fruugo.co.uk/13cm-one-piece-cover-304-stainless-steel-soup-pouch-hand-warmer-hot-water-bottle/p-116290811
"2l Long-strip Multifunctional Water-filled Rubber Hot Water Bags, Spec: Gray Deer",£33.95,https://www.fruugo.co.uk/2l-long-strip-multifunctional-water-filled-rubber-hot-water-bags-spec-gray-deer/p-116291293
"Cartoon Filling Explosion-proof Soft Pvc Discoloration Hot Water Bag, Style: Telescope",£11.95,https://www.fruugo.co.uk/cartoon-filling-explosion-proof-soft-pvc-discoloration-hot-water-bag-style-telescope/p-114775453
"Fy-001 Multi-level Temperature Adjustment Timing Warm Electric Blanket , Size: 43x84cm Eu Plug",£54.00,https://www.fruugo.co.uk/fy-001-multi-level-temperature-adjustment-timing-warm-electric-blanket-size-43x84cm-eu-plug/p-115464955
150x80cm Single Control Adjustable Temperature Electric Blanket Electric Mattress Us Plug,£59.00,https://www.fruugo.co.uk/150x80cm-single-control-adjustable-temperature-electric-blanket-electric-mattress-us-plug/p-115464978
"2l Long-strip Multifunctional Water-filled Rubber Hot Water Bags, Spec: Pink Faded White",£33.95,https://www.fruugo.co.uk/2l-long-strip-multifunctional-water-filled-rubber-hot-water-bags-spec-pink-faded-white/p-116290879
Ssdlv Knee Heat Patch Muscle Joint Pain Relief Patch Arthritis Inflammation Muscle Pain Wormwood Anti,£20.34,https://www.fruugo.co.uk/ssdlv-knee-heat-patch-muscle-joint-pain-relief-patch-arthritis-inflammation-muscle-pain-wormwood-anti/p-88025227
"Cartoon Plush Hot Water Bag, Spec: Intervened Pink",£15.95,https://www.fruugo.co.uk/cartoon-plush-hot-water-bag-spec-intervened-pink/p-124555813
"2l Long-strip Multifunctional Water-filled Rubber Hot Water Bags, Spec: Gradient Red",£33.95,https://www.fruugo.co.uk/2l-long-strip-multifunctional-water-filled-rubber-hot-water-bags-spec-gradient-red/p-116290865
商品标题,商品价格,商品详情链接
U-shaped Pvc Hot Compress Shoulder And Neck Ehot Water Bag,£30.95,https://www.fruugo.co.uk/u-shaped-pvc-hot-compress-shoulder-and-neck-ehot-water-bag/p-113095550
"2l Long-strip Multifunctional Water-filled Rubber Hot Water Bags, Spec: Gray Plush",£33.95,https://www.fruugo.co.uk/2l-long-strip-multifunctional-water-filled-rubber-hot-water-bags-spec-gray-plush/p-116291178
"Constant Temperature Graphene Electric Blanket, Color: Blue",£21.95,https://www.fruugo.co.uk/constant-temperature-graphene-electric-blanket-color-blue/p-115464996
Electric Heated Shawls Electric Blankets Uk Plug,£64.00,https://www.fruugo.co.uk/electric-heated-shawls-electric-blankets-uk-plug/p-115465003
"Home Physiotherapy Heating Pad Electric Heating Blanket, Size: 40x30cm, Plug Tpye:eu Plug",£42.95,https://www.fruugo.co.uk/home-physiotherapy-heating-pad-electric-heating-blanket-size-40x30cm-plug-tpyeeu-plug/p-115465011
"2l Long-strip Multifunctional Water-filled Rubber Hot Water Bags, Spec: Pink Lambswool",£33.95,https://www.fruugo.co.uk/2l-long-strip-multifunctional-water-filled-rubber-hot-water-bags-spec-pink-lambswool/p-116291242
"2l Long-strip Multifunctional Water-filled Rubber Hot Water Bags, Spec: Gray White Heart",£33.95,https://www.fruugo.co.uk/2l-long-strip-multifunctional-water-filled-rubber-hot-water-bags-spec-gray-white-heart/p-116290791
"2l Long-strip Multifunctional Water-filled Rubber Hot Water Bags, Spec: Gray Snowflake",£33.95,https://www.fruugo.co.uk/2l-long-strip-multifunctional-water-filled-rubber-hot-water-bags-spec-gray-snowflake/p-116291270
"Cartoon Plush Hot Water Bag, Spec: Intervened Khaki",£17.95,https://www.fruugo.co.uk/cartoon-plush-hot-water-bag-spec-intervened-khaki/p-124555886
"Low Voltage 5v Usb Home Portable Small Electric Blanket, Width: 140x80cm",£59.00,https://www.fruugo.co.uk/low-voltage-5v-usb-home-portable-small-electric-blanket-width-140x80cm/p-115464936
Cute Thickened Warm Silicone Explosion-proof Water-filled Hot Water Bag,£15.95,https://www.fruugo.co.uk/cute-thickened-warm-silicone-explosion-proof-water-filled-hot-water-bag/p-116291097
"Cartoon Plush Hot Water Bag, Spec: Pink Lucky Rabbit",£16.95,https://www.fruugo.co.uk/cartoon-plush-hot-water-bag-spec-pink-lucky-rabbit/p-125477536
"Constant Temperature Graphene Electric Blanket, Color: Gray+type-c Cable",£22.95,https://www.fruugo.co.uk/constant-temperature-graphene-electric-blanket-color-graytype-c-cable/p-115464991
Usb Mini Makeup Mirror Fill Light Lamp Hand Warmer Three-in-one Rechargeable Hand Warmer,£14.95,https://www.fruugo.co.uk/usb-mini-makeup-mirror-fill-light-lamp-hand-warmer-three-in-one-rechargeable-hand-warmer/p-112686633
"2l Long-strip Multifunctional Water-filled Rubber Hot Water Bags, Spec: Pink Plush",£33.95,https://www.fruugo.co.uk/2l-long-strip-multifunctional-water-filled-rubber-hot-water-bags-spec-pink-plush/p-116290941
150x80cm Single Control Adjustable Temperature Electric Blanket Electric Mattress Eu Plug,£59.00,https://www.fruugo.co.uk/150x80cm-single-control-adjustable-temperature-electric-blanket-electric-mattress-eu-plug/p-115465006
Cartoon Cats Silicone Explosion-proof Water-filled Hot Water Bags,£15.95,https://www.fruugo.co.uk/cartoon-cats-silicone-explosion-proof-water-filled-hot-water-bags/p-116290958
"Cartoon Filling Explosion-proof Soft Pvc Discoloration Hot Water Bag, Style: Wishing Stick",£11.95,https://www.fruugo.co.uk/cartoon-filling-explosion-proof-soft-pvc-discoloration-hot-water-bag-style-wishing-stick/p-114775350
"Low Voltage 5v Usb Home Portable Small Electric Blanket, Width: 100x80cm",£46.95,https://www.fruugo.co.uk/low-voltage-5v-usb-home-portable-small-electric-blanket-width-100x80cm/p-115465024
"Cartoon Plush Hot Water Bag, Spec: Khaki Bear",£16.95,https://www.fruugo.co.uk/cartoon-plush-hot-water-bag-spec-khaki-bear/p-125477456
"Cartoon Plush Hot Water Bag, Spec: Beige Lucky Rabbit",£14.95,https://www.fruugo.co.uk/cartoon-plush-hot-water-bag-spec-beige-lucky-rabbit/p-125477558
Electric Heating Blanket Heating Physiotherapy Pad Warm Waist Belly Pad With Buckle 30 X 40cm Uk Plug,£45.95,https://www.fruugo.co.uk/electric-heating-blanket-heating-physiotherapy-pad-warm-waist-belly-pad-with-buckle-30-x-40cm-uk-plug/p-115465028
"2l Long-strip Multifunctional Water-filled Rubber Hot Water Bags, Spec: Gray Bow",£33.95,https://www.fruugo.co.uk/2l-long-strip-multifunctional-water-filled-rubber-hot-water-bags-spec-gray-bow/p-116291273
"Home Physiotherapy Heating Pad Electric Heating Blanket, Size: 76x40cm, Plug Tpye: Uk Plug",£54.00,https://www.fruugo.co.uk/home-physiotherapy-heating-pad-electric-heating-blanket-size-76x40cm-plug-tpye-uk-plug/p-115464932
"2l Long-strip Multifunctional Water-filled Rubber Hot Water Bags, Spec: Orchid Rhombus",£33.95,https://www.fruugo.co.uk/2l-long-strip-multifunctional-water-filled-rubber-hot-water-bags-spec-orchid-rhombus/p-116291295
"Low Voltage 5v Usb Home Portable Small Electric Blanket, Width: 140x80cm",£59.00,https://www.fruugo.co.uk/low-voltage-5v-usb-home-portable-small-electric-blanket-width-140x80cm/p-115464935
"Low Voltage 5v Usb Home Portable Small Electric Blanket, Width: 180x80cm",£74.00,https://www.fruugo.co.uk/low-voltage-5v-usb-home-portable-small-electric-blanket-width-180x80cm/p-115464942
"Low Voltage 5v Usb Home Portable Small Electric Blanket, Width: 140x80cm",£59.00,https://www.fruugo.co.uk/low-voltage-5v-usb-home-portable-small-electric-blanket-width-140x80cm/p-115464934
18cm One-piece Cover 304 Stainless Steel Soup Pouch Hand Warmer Hot Water Bottle,£43.95,https://www.fruugo.co.uk/18cm-one-piece-cover-304-stainless-steel-soup-pouch-hand-warmer-hot-water-bottle/p-116291112
"Home Physiotherapy Heating Pad Electric Heating Blanket, Size: 60x30cm, Plug Type: Uk Plug",£44.95,https://www.fruugo.co.uk/home-physiotherapy-heating-pad-electric-heating-blanket-size-60x30cm-plug-type-uk-plug/p-115464951
"Home Physiotherapy Heating Pad Electric Heating Blanket, Size: 60x30cm, Plug Type: Au Plug",£44.95,https://www.fruugo.co.uk/home-physiotherapy-heating-pad-electric-heating-blanket-size-60x30cm-plug-type-au-plug/p-115464956
"Cartoon Plush Hot Water Bag, Spec: Ink Green Duck",£14.95,https://www.fruugo.co.uk/cartoon-plush-hot-water-bag-spec-ink-green-duck/p-125090367
商品标题,商品价格,商品详情链接
"Low Voltage 5v Usb Home Portable Small Electric Blanket, Width: 160x80cm",£84.00,https://www.fruugo.co.uk/low-voltage-5v-usb-home-portable-small-electric-blanket-width-160x80cm/p-115465017
Home Physiotherapy Heating Pad Electric Blanket Eu Plug,£38.95,https://www.fruugo.co.uk/home-physiotherapy-heating-pad-electric-blanket-eu-plug/p-115465030
"Fy-001 Multi-level Temperature Adjustment Timing Warm Electric Blanket , Size: 30x60cm Us Plug",£39.95,https://www.fruugo.co.uk/fy-001-multi-level-temperature-adjustment-timing-warm-electric-blanket-size-30x60cm-us-plug/p-115465021
"Home Physiotherapy Heating Pad Electric Heating Blanket, Size: 60x30cm, Plug Type: Us Plug",£44.95,https://www.fruugo.co.uk/home-physiotherapy-heating-pad-electric-heating-blanket-size-60x30cm-plug-type-us-plug/p-115465027
"Cartoon Plush Hot Water Bag, Spec: Brown Bear",£16.95,https://www.fruugo.co.uk/cartoon-plush-hot-water-bag-spec-brown-bear/p-125477462
"Cartoon Plush Hot Water Bag, Spec: Beige Lucky Rabbit",£16.95,https://www.fruugo.co.uk/cartoon-plush-hot-water-bag-spec-beige-lucky-rabbit/p-125477463
"Home Physiotherapy Heating Pad Electric Heating Blanket, Size: 76x40cm, Plug Tpye:au Plug",£54.00,https://www.fruugo.co.uk/home-physiotherapy-heating-pad-electric-heating-blanket-size-76x40cm-plug-tpyeau-plug/p-115464920
"Home Physiotherapy Heating Pad Electric Heating Blanket, Size: 76x40cm, Plug Tpye:us Plug",£54.00,https://www.fruugo.co.uk/home-physiotherapy-heating-pad-electric-heating-blanket-size-76x40cm-plug-tpyeus-plug/p-115464919
U-shaped Pvc Hot Compress Shoulder And Neck Ehot Water Bag,£30.95,https://www.fruugo.co.uk/u-shaped-pvc-hot-compress-shoulder-and-neck-ehot-water-bag/p-113095480
Electric Heated Shawls Electric Blankets Au Plug,£64.00,https://www.fruugo.co.uk/electric-heated-shawls-electric-blankets-au-plug/p-115465033
"Home Physiotherapy Heating Pad Electric Heating Blanket, Size: 76x40cm, Plug Tpye: Uk Plug",£54.00,https://www.fruugo.co.uk/home-physiotherapy-heating-pad-electric-heating-blanket-size-76x40cm-plug-tpye-uk-plug/p-115464927
"Smart Machine Washable Infrared Physiotherapy Heating Pad, Plug Specifications: Us Plug",£37.95,https://www.fruugo.co.uk/smart-machine-washable-infrared-physiotherapy-heating-pad-plug-specifications-us-plug/p-115464925
"Fy-001 Multi-level Temperature Adjustment Timing Warm Electric Blanket , Size: 40x76cm Eu Plug",£45.95,https://www.fruugo.co.uk/fy-001-multi-level-temperature-adjustment-timing-warm-electric-blanket-size-40x76cm-eu-plug/p-115464949
"Cartoon Plush Hot Water Bag, Spec: Brown Bear",£14.95,https://www.fruugo.co.uk/cartoon-plush-hot-water-bag-spec-brown-bear/p-125477482
"Home Physiotherapy Heating Pad Electric Heating Blanket, Size: 40x30cm, Plug Tpye: Uk Plug",£42.95,https://www.fruugo.co.uk/home-physiotherapy-heating-pad-electric-heating-blanket-size-40x30cm-plug-tpye-uk-plug/p-115464933
"Fy-001 Multi-level Temperature Adjustment Timing Warm Electric Blanket , Size: 40x76cm Us Plug",£45.95,https://www.fruugo.co.uk/fy-001-multi-level-temperature-adjustment-timing-warm-electric-blanket-size-40x76cm-us-plug/p-115464950
"Low Voltage 5v Usb Home Portable Small Electric Blanket, Width: 160x80cm",£84.00,https://www.fruugo.co.uk/low-voltage-5v-usb-home-portable-small-electric-blanket-width-160x80cm/p-115464943
"Fy-001 Multi-level Temperature Adjustment Timing Warm Electric Blanket , Size: 40x76cm Uk Plug",£45.95,https://www.fruugo.co.uk/fy-001-multi-level-temperature-adjustment-timing-warm-electric-blanket-size-40x76cm-uk-plug/p-115464945
"Cartoon Plush Hot Water Bag, Spec: Intervened Khaki",£15.95,https://www.fruugo.co.uk/cartoon-plush-hot-water-bag-spec-intervened-khaki/p-124555987
"Cartoon Plush Hot Water Bag, Spec: Pink Rabbit",£17.95,https://www.fruugo.co.uk/cartoon-plush-hot-water-bag-spec-pink-rabbit/p-125089148
Home Physiotherapy Heating Pad Electric Blanket Us Plug,£38.95,https://www.fruugo.co.uk/home-physiotherapy-heating-pad-electric-blanket-us-plug/p-115464989
"Cartoon Filling Explosion-proof Soft Pvc Discoloration Hot Water Bag, Style: Space Balloon",£11.95,https://www.fruugo.co.uk/cartoon-filling-explosion-proof-soft-pvc-discoloration-hot-water-bag-style-space-balloon/p-114775391
Cartoon Cats Silicone Explosion-proof Water-filled Hot Water Bags,£15.95,https://www.fruugo.co.uk/cartoon-cats-silicone-explosion-proof-water-filled-hot-water-bags/p-116290928
U-shaped Pvc Hot Compress Shoulder And Neck Ehot Water Bag,£30.95,https://www.fruugo.co.uk/u-shaped-pvc-hot-compress-shoulder-and-neck-ehot-water-bag/p-113095463
"Fy-001 Multi-level Temperature Adjustment Timing Warm Electric Blanket , Size: 30x60cm Eu Plug",£39.95,https://www.fruugo.co.uk/fy-001-multi-level-temperature-adjustment-timing-warm-electric-blanket-size-30x60cm-eu-plug/p-115465014
"Fy-001 Multi-level Temperature Adjustment Timing Warm Electric Blanket , Size: 43x84cm Us Plug",£54.00,https://www.fruugo.co.uk/fy-001-multi-level-temperature-adjustment-timing-warm-electric-blanket-size-43x84cm-us-plug/p-115465015
"2l Long-strip Multifunctional Water-filled Rubber Hot Water Bags, Spec: Purple Rhombus",£33.95,https://www.fruugo.co.uk/2l-long-strip-multifunctional-water-filled-rubber-hot-water-bags-spec-purple-rhombus/p-116291231
Electric Heating Blanket Heating Physiotherapy Pad Warm Waist Belly Pad With Buckle 30 X 60cm Uk Plug,£49.95,https://www.fruugo.co.uk/electric-heating-blanket-heating-physiotherapy-pad-warm-waist-belly-pad-with-buckle-30-x-60cm-uk-plug/p-115465035
"Cartoon Plush Hot Water Bag, Spec: Purple Duck",£17.95,https://www.fruugo.co.uk/cartoon-plush-hot-water-bag-spec-purple-duck/p-125477472
"2l Long-strip Multifunctional Water-filled Rubber Hot Water Bags, Spec: Red Yellow Blue",£33.95,https://www.fruugo.co.uk/2l-long-strip-multifunctional-water-filled-rubber-hot-water-bags-spec-red-yellow-blue/p-116291282
"Low Voltage 5v Usb Home Portable Small Electric Blanket, Width: 180x80cm",£74.00,https://www.fruugo.co.uk/low-voltage-5v-usb-home-portable-small-electric-blanket-width-180x80cm/p-115464946
"Low Voltage 5v Usb Home Portable Small Electric Blanket, Width: 160x80cm",£84.00,https://www.fruugo.co.uk/low-voltage-5v-usb-home-portable-small-electric-blanket-width-160x80cm/p-115464939
商品标题,商品价格,商品详情链接
0688 Pvc Plush Hand Pluggable Water-filled Hot Water Bags,£18.95,https://www.fruugo.co.uk/0688-pvc-plush-hand-pluggable-water-filled-hot-water-bags/p-116291448
"Low Voltage 5v Usb Home Portable Small Electric Blanket, Width: 140x80cm",£59.00,https://www.fruugo.co.uk/low-voltage-5v-usb-home-portable-small-electric-blanket-width-140x80cm/p-115464940
Electric Heated Shawls Electric Blankets Us Plug,£64.00,https://www.fruugo.co.uk/electric-heated-shawls-electric-blankets-us-plug/p-115464992
Multifunctional Heating Blanket Usb Electric Blanket Outdoor Warm Electric Heating Shawl,£69.00,https://www.fruugo.co.uk/multifunctional-heating-blanket-usb-electric-blanket-outdoor-warm-electric-heating-shawl/p-115465007
"Home Physiotherapy Heating Pad Electric Heating Blanket, Size: 76x40cm, Plug Tpye: Eu Plug",£54.00,https://www.fruugo.co.uk/home-physiotherapy-heating-pad-electric-heating-blanket-size-76x40cm-plug-tpye-eu-plug/p-115464929
"Fy-001 Multi-level Temperature Adjustment Timing Warm Electric Blanket , Size: 50x100cm Us Plug",£59.00,https://www.fruugo.co.uk/fy-001-multi-level-temperature-adjustment-timing-warm-electric-blanket-size-50x100cm-us-plug/p-115464954
"Constant Temperature Graphene Electric Blanket, Color: Yellow+type-c Cable",£22.95,https://www.fruugo.co.uk/constant-temperature-graphene-electric-blanket-color-yellowtype-c-cable/p-116291062
"2l Long-strip Multifunctional Water-filled Rubber Hot Water Bags, Spec: Grey Lambswool",£33.95,https://www.fruugo.co.uk/2l-long-strip-multifunctional-water-filled-rubber-hot-water-bags-spec-grey-lambswool/p-116291080
"Cartoon Plush Hot Water Bag, Spec: Intervened White",£15.95,https://www.fruugo.co.uk/cartoon-plush-hot-water-bag-spec-intervened-white/p-124555946
"2l Long-strip Multifunctional Water-filled Rubber Hot Water Bags, Spec: Orchid White Dot",£33.95,https://www.fruugo.co.uk/2l-long-strip-multifunctional-water-filled-rubber-hot-water-bags-spec-orchid-white-dot/p-116291094
Electric Heating Blanket Heating Physiotherapy Pad Warm Waist Belly Pad With Buckle 30 X 60cm Eu Plug,£49.95,https://www.fruugo.co.uk/electric-heating-blanket-heating-physiotherapy-pad-warm-waist-belly-pad-with-buckle-30-x-60cm-eu-plug/p-115464970
"Constant Temperature Graphene Electric Blanket, Color: Green",£21.95,https://www.fruugo.co.uk/constant-temperature-graphene-electric-blanket-color-green/p-115464982
U-shaped Pvc Hot Compress Shoulder And Neck Ehot Water Bag,£30.95,https://www.fruugo.co.uk/u-shaped-pvc-hot-compress-shoulder-and-neck-ehot-water-bag/p-113095500
"Cartoon Filling Explosion-proof Soft Pvc Discoloration Hot Water Bag, Style: Space Bubble",£11.95,https://www.fruugo.co.uk/cartoon-filling-explosion-proof-soft-pvc-discoloration-hot-water-bag-style-space-bubble/p-114775336
"2l Long-strip Multifunctional Water-filled Rubber Hot Water Bags, Spec: Red Bow",£33.95,https://www.fruugo.co.uk/2l-long-strip-multifunctional-water-filled-rubber-hot-water-bags-spec-red-bow/p-116290880
"Home Physiotherapy Heating Pad Electric Heating Blanket, Size: 60x30cm, Plug Type: Us Plug",£44.95,https://www.fruugo.co.uk/home-physiotherapy-heating-pad-electric-heating-blanket-size-60x30cm-plug-type-us-plug/p-115464961
"Fy-1224 30x60cm Multifunctional Intelligent Temperature Control Timing Electric Blanket, Color: Peacock Blue Eu Plug",£54.00,https://www.fruugo.co.uk/fy-1224-30x60cm-multifunctional-intelligent-temperature-control-timing-electric-blanket-color-peacock-blue-eu-plug/p-115464968
"2l Long-strip Multifunctional Water-filled Rubber Hot Water Bags, Spec: Beige Leopard",£33.95,https://www.fruugo.co.uk/2l-long-strip-multifunctional-water-filled-rubber-hot-water-bags-spec-beige-leopard/p-116290916
"2l Long-strip Multifunctional Water-filled Rubber Hot Water Bags, Spec: Brown Faded White",£33.95,https://www.fruugo.co.uk/2l-long-strip-multifunctional-water-filled-rubber-hot-water-bags-spec-brown-faded-white/p-116291150
"2l Long-strip Multifunctional Water-filled Rubber Hot Water Bags, Spec: Gradient Red Yellow",£33.95,https://www.fruugo.co.uk/2l-long-strip-multifunctional-water-filled-rubber-hot-water-bags-spec-gradient-red-yellow/p-116291170
Electric Heating Blanket Heating Physiotherapy Pad Warm Waist Belly Pad With Buckle 30 X 40cm Eu Plug,£45.95,https://www.fruugo.co.uk/electric-heating-blanket-heating-physiotherapy-pad-warm-waist-belly-pad-with-buckle-30-x-40cm-eu-plug/p-115464967
Electric Heating Blanket Heating Physiotherapy Pad Warm Waist Belly Pad With Buckle 40 X 76cm Eu Plug,£54.00,https://www.fruugo.co.uk/electric-heating-blanket-heating-physiotherapy-pad-warm-waist-belly-pad-with-buckle-40-x-76cm-eu-plug/p-115464980
U-shaped Pvc Hot Compress Shoulder And Neck Ehot Water Bag,£30.95,https://www.fruugo.co.uk/u-shaped-pvc-hot-compress-shoulder-and-neck-ehot-water-bag/p-113095498
Electric Heating Blanket Heating Physiotherapy Pad Warm Waist Belly Pad With Buckle 40 X 76cm Uk Plug,£54.00,https://www.fruugo.co.uk/electric-heating-blanket-heating-physiotherapy-pad-warm-waist-belly-pad-with-buckle-40-x-76cm-uk-plug/p-115464972
"Home Physiotherapy Heating Pad Electric Heating Blanket, Size: 60x30cm, Plug Type: Au Plug",£44.95,https://www.fruugo.co.uk/home-physiotherapy-heating-pad-electric-heating-blanket-size-60x30cm-plug-type-au-plug/p-115464966
Electric Heating Blanket Heating Physiotherapy Pad Warm Waist Belly Pad With Buckle 50 X 100cm Uk Plug,£59.00,https://www.fruugo.co.uk/electric-heating-blanket-heating-physiotherapy-pad-warm-waist-belly-pad-with-buckle-50-x-100cm-uk-plug/p-115464973
U-shaped Pvc Hot Compress Shoulder And Neck Ehot Water Bag,£30.95,https://www.fruugo.co.uk/u-shaped-pvc-hot-compress-shoulder-and-neck-ehot-water-bag/p-113095539
Electric Heating Blanket Heating Physiotherapy Pad Warm Waist Belly Pad With Buckle 30 X 40cm Us Plug,£45.95,https://www.fruugo.co.uk/electric-heating-blanket-heating-physiotherapy-pad-warm-waist-belly-pad-with-buckle-30-x-40cm-us-plug/p-115464964
Electric Heating Blanket Heating Physiotherapy Pad Warm Waist Belly Pad With Buckle 43 X 84cm Uk Plug,£59.00,https://www.fruugo.co.uk/electric-heating-blanket-heating-physiotherapy-pad-warm-waist-belly-pad-with-buckle-43-x-84cm-uk-plug/p-115464984
U-shaped Pvc Hot Compress Shoulder And Neck Ehot Water Bag,£30.95,https://www.fruugo.co.uk/u-shaped-pvc-hot-compress-shoulder-and-neck-ehot-water-bag/p-113095410
"2l Long-strip Multifunctional Water-filled Rubber Hot Water Bags, Spec: Gradient Purple",£33.95,https://www.fruugo.co.uk/2l-long-strip-multifunctional-water-filled-rubber-hot-water-bags-spec-gradient-purple/p-116290895
"Home Physiotherapy Heating Pad Electric Heating Blanket, Size: 60x30cm, Plug Type: Eu Plug",£44.95,https://www.fruugo.co.uk/home-physiotherapy-heating-pad-electric-heating-blanket-size-60x30cm-plug-type-eu-plug/p-115464960
商品标题,商品价格,商品详情链接
Electric Heating Blanket Heating Physiotherapy Pad Warm Waist Belly Pad With Buckle 30 X 60cm Us Plug,£49.95,https://www.fruugo.co.uk/electric-heating-blanket-heating-physiotherapy-pad-warm-waist-belly-pad-with-buckle-30-x-60cm-us-plug/p-115464977
"Home Physiotherapy Heating Pad Electric Heating Blanket, Size: 60x30cm, Plug Type: Eu Plug",£44.95,https://www.fruugo.co.uk/home-physiotherapy-heating-pad-electric-heating-blanket-size-60x30cm-plug-type-eu-plug/p-115464957
"Constant Temperature Graphene Electric Blanket, Color: Blue+type-c Cable",£22.95,https://www.fruugo.co.uk/constant-temperature-graphene-electric-blanket-color-bluetype-c-cable/p-116291480
"2l Long-strip Multifunctional Water-filled Rubber Hot Water Bags, Spec: Red White Dot",£33.95,https://www.fruugo.co.uk/2l-long-strip-multifunctional-water-filled-rubber-hot-water-bags-spec-red-white-dot/p-116290906
20cm One-piece Cover 304 Stainless Steel Soup Pouch Hand Warmer Hot Water Bottle,£54.00,https://www.fruugo.co.uk/20cm-one-piece-cover-304-stainless-steel-soup-pouch-hand-warmer-hot-water-bottle/p-116291157
"2l Long-strip Multifunctional Water-filled Rubber Hot Water Bags, Spec: Gradient Gray",£33.95,https://www.fruugo.co.uk/2l-long-strip-multifunctional-water-filled-rubber-hot-water-bags-spec-gradient-gray/p-116291144
"2l Long-strip Multifunctional Water-filled Rubber Hot Water Bags, Spec: Dark Gray Twist",£33.95,https://www.fruugo.co.uk/2l-long-strip-multifunctional-water-filled-rubber-hot-water-bags-spec-dark-gray-twist/p-116291155
"Heating Pad With 3 Level Menstrual For Back Or Belly Pain Relief,greyheating Pad With 3 Level Menstrual For Back Or Belly Pain Relief,grey",£22.95,https://www.fruugo.co.uk/heating-pad-with-3-level-menstrual-for-back-or-belly-pain-reliefgreyheating-pad-with-3-level-menstrual-for-back-or-belly-pain-reliefgrey/p-155050383
"Ladies Heated Vest, Neck Heated Jacket, Usb Electric Heated Vest Jacket, L, Black",£26.95,https://www.fruugo.co.uk/ladies-heated-vest-neck-heated-jacket-usb-electric-heated-vest-jacket-l-black/p-155051540
"Women's Heating Vest, Neck Heating Jacket, Usb Electric Heating Vest Jacket, Rice, Blue",£26.95,https://www.fruugo.co.uk/womens-heating-vest-neck-heating-jacket-usb-electric-heating-vest-jacket-rice-blue/p-155051532
"Women's Heating Vest, Neck Heating Jacket, Usb Electric Heating Vest Jacket, Rice, Black",£26.95,https://www.fruugo.co.uk/womens-heating-vest-neck-heating-jacket-usb-electric-heating-vest-jacket-rice-black/p-155051550
Electric Heated Shawls Electric Blankets Us Plug,£64.00,https://www.fruugo.co.uk/electric-heated-shawls-electric-blankets-us-plug/p-115464993
"2l Long-strip Multifunctional Water-filled Rubber Hot Water Bags, Spec: White Polar Bear",£33.95,https://www.fruugo.co.uk/2l-long-strip-multifunctional-water-filled-rubber-hot-water-bags-spec-white-polar-bear/p-116291176
Electric Heating Blanket Heating Physiotherapy Pad Warm Waist Belly Pad With Buckle 50 X 100cm Eu Plug,£59.00,https://www.fruugo.co.uk/electric-heating-blanket-heating-physiotherapy-pad-warm-waist-belly-pad-with-buckle-50-x-100cm-eu-plug/p-115464985
"Constant Temperature Graphene Electric Blanket, Color: Green+type-c Cable",£22.95,https://www.fruugo.co.uk/constant-temperature-graphene-electric-blanket-color-greentype-c-cable/p-115464990
"Cartoon Plush Hot Water Bag, Spec: Intervened Pink",£17.95,https://www.fruugo.co.uk/cartoon-plush-hot-water-bag-spec-intervened-pink/p-124555840
Electric Heated Shawls Electric Blankets Au Plug,£64.00,https://www.fruugo.co.uk/electric-heated-shawls-electric-blankets-au-plug/p-115464994
"Fy-001 Multi-level Temperature Adjustment Timing Warm Electric Blanket , Size: 43x84cm Uk Plug",£54.00,https://www.fruugo.co.uk/fy-001-multi-level-temperature-adjustment-timing-warm-electric-blanket-size-43x84cm-uk-plug/p-115465025
Usb Mini Makeup Mirror Fill Light Lamp Hand Warmer Three-in-one Rechargeable Hand Warmer,£14.95,https://www.fruugo.co.uk/usb-mini-makeup-mirror-fill-light-lamp-hand-warmer-three-in-one-rechargeable-hand-warmer/p-112686680
"2l Long-strip Multifunctional Water-filled Rubber Hot Water Bags, Spec: Christmas Red Twist",£33.95,https://www.fruugo.co.uk/2l-long-strip-multifunctional-water-filled-rubber-hot-water-bags-spec-christmas-red-twist/p-116290972
"Home Physiotherapy Heating Pad Electric Heating Blanket, Size: 40x30cm, Plug Tpye: Uk Plug",£42.95,https://www.fruugo.co.uk/home-physiotherapy-heating-pad-electric-heating-blanket-size-40x30cm-plug-tpye-uk-plug/p-115465023
"Cartoon Plush Hot Water Bag, Spec: Pink Duck",£14.95,https://www.fruugo.co.uk/cartoon-plush-hot-water-bag-spec-pink-duck/p-125087707
Electric Heating Blanket Heating Physiotherapy Pad Warm Waist Belly Pad With Buckle 43 X 84cm Us Plug,£59.00,https://www.fruugo.co.uk/electric-heating-blanket-heating-physiotherapy-pad-warm-waist-belly-pad-with-buckle-43-x-84cm-us-plug/p-115465029
"2l Long-strip Multifunctional Water-filled Rubber Hot Water Bags, Spec: Gradient Yellow",£33.95,https://www.fruugo.co.uk/2l-long-strip-multifunctional-water-filled-rubber-hot-water-bags-spec-gradient-yellow/p-116290999
"2l Long-strip Multifunctional Water-filled Rubber Hot Water Bags, Spec: Red Deer",£33.95,https://www.fruugo.co.uk/2l-long-strip-multifunctional-water-filled-rubber-hot-water-bags-spec-red-deer/p-116290771
"2l Long-strip Multifunctional Water-filled Rubber Hot Water Bags, Spec: Dark Green Plush",£33.95,https://www.fruugo.co.uk/2l-long-strip-multifunctional-water-filled-rubber-hot-water-bags-spec-dark-green-plush/p-116290835
"2l Long-strip Multifunctional Water-filled Rubber Hot Water Bags, Spec: Red Christmas",£33.95,https://www.fruugo.co.uk/2l-long-strip-multifunctional-water-filled-rubber-hot-water-bags-spec-red-christmas/p-116290836
"Fy-001 Multi-level Temperature Adjustment Timing Warm Electric Blanket , Size: 30x40cm Us Plug",£33.95,https://www.fruugo.co.uk/fy-001-multi-level-temperature-adjustment-timing-warm-electric-blanket-size-30x40cm-us-plug/p-115464947
"Fy-001 Multi-level Temperature Adjustment Timing Warm Electric Blanket , Size: 30x40cm Uk Plug",£33.95,https://www.fruugo.co.uk/fy-001-multi-level-temperature-adjustment-timing-warm-electric-blanket-size-30x40cm-uk-plug/p-115464944
"Cartoon Plush Hot Water Bag, Spec: Intervened Coffee",£15.95,https://www.fruugo.co.uk/cartoon-plush-hot-water-bag-spec-intervened-coffee/p-124556096
"Cartoon Plush Hot Water Bag, Spec: Purple Duck",£14.95,https://www.fruugo.co.uk/cartoon-plush-hot-water-bag-spec-purple-duck/p-125477480
"2l Long-strip Multifunctional Water-filled Rubber Hot Water Bags, Spec: Pink Rabbit",£33.95,https://www.fruugo.co.uk/2l-long-strip-multifunctional-water-filled-rubber-hot-water-bags-spec-pink-rabbit/p-116291113
商品标题,商品价格,商品详情链接
"Low Voltage 5v Usb Home Portable Small Electric Blanket, Width: 100x80cm",£46.95,https://www.fruugo.co.uk/low-voltage-5v-usb-home-portable-small-electric-blanket-width-100x80cm/p-115464938
15cm One-piece Cover 304 Stainless Steel Soup Pouch Hand Warmer Hot Water Bottle,£35.95,https://www.fruugo.co.uk/15cm-one-piece-cover-304-stainless-steel-soup-pouch-hand-warmer-hot-water-bottle/p-116291324
U-shaped Pvc Hot Compress Shoulder And Neck Ehot Water Bag,£30.95,https://www.fruugo.co.uk/u-shaped-pvc-hot-compress-shoulder-and-neck-ehot-water-bag/p-113095411
"Cartoon Plush Hot Water Bag, Spec: Intervened White",£17.95,https://www.fruugo.co.uk/cartoon-plush-hot-water-bag-spec-intervened-white/p-124555858
"Constant Temperature Graphene Electric Blanket, Color: Gray",£21.95,https://www.fruugo.co.uk/constant-temperature-graphene-electric-blanket-color-gray/p-115465019
"Fy-001 Multi-level Temperature Adjustment Timing Warm Electric Blanket , Size: 50x100cm Uk Plug",£59.00,https://www.fruugo.co.uk/fy-001-multi-level-temperature-adjustment-timing-warm-electric-blanket-size-50x100cm-uk-plug/p-115465031
"2l Long-strip Multifunctional Water-filled Rubber Hot Water Bags, Spec: Orchid Plush",£33.95,https://www.fruugo.co.uk/2l-long-strip-multifunctional-water-filled-rubber-hot-water-bags-spec-orchid-plush/p-116291256
"Home Physiotherapy Heating Pad Electric Heating Blanket, Size: 40x30cm, Plug Tpye: Au Plug",£42.95,https://www.fruugo.co.uk/home-physiotherapy-heating-pad-electric-heating-blanket-size-40x30cm-plug-tpye-au-plug/p-115465034
"Cartoon Plush Hot Water Bag, Spec: Deep Blue Duck",£17.95,https://www.fruugo.co.uk/cartoon-plush-hot-water-bag-spec-deep-blue-duck/p-125087616
"Fy-001 Multi-level Temperature Adjustment Timing Warm Electric Blanket , Size: 30x40cm Eu Plug",£33.95,https://www.fruugo.co.uk/fy-001-multi-level-temperature-adjustment-timing-warm-electric-blanket-size-30x40cm-eu-plug/p-115464948
"Low Voltage 5v Usb Home Portable Small Electric Blanket, Width: 100x80cm",£46.95,https://www.fruugo.co.uk/low-voltage-5v-usb-home-portable-small-electric-blanket-width-100x80cm/p-115464937
"Home Physiotherapy Heating Pad Electric Heating Blanket, Size: 60x30cm, Plug Type: Uk Plug",£44.95,https://www.fruugo.co.uk/home-physiotherapy-heating-pad-electric-heating-blanket-size-60x30cm-plug-type-uk-plug/p-115464952
"Cartoon Plush Hot Water Bag, Spec: Pink Rabbit",£14.95,https://www.fruugo.co.uk/cartoon-plush-hot-water-bag-spec-pink-rabbit/p-125087624
"Heat Pad Electric Blanket Heated Blanket, Heating Pad For Back Pain Relieve, Fast Heating And Long-lasting Heat Preservation, 6 Temperature Level And",£29.95,https://www.fruugo.co.uk/heat-pad-electric-blanket-heated-blanket-heating-pad-for-back-pain-relieve-fast-heating-and-long-lasting-heat-preservation-6-temperature-level-and/p-182687022
Electric Heating Pad With 6 Heating Timed Physiotherapy Blanket,£39.66,https://www.fruugo.co.uk/electric-heating-pad-with-6-heating-timed-physiotherapy-blanket/p-128388199
Electric Heated Shoe Foot Insole Usb Heater Winter Skiing Outdoor Warm Feet Pads Winter Heater,£6.97,https://www.fruugo.co.uk/electric-heated-shoe-foot-insole-usb-heater-winter-skiing-outdoor-warm-feet-pads-winter-heater/p-107486174
"Heating Pad With 3 Level Menstrual For Back Or Belly Pain Relief,grey",£34.95,https://www.fruugo.co.uk/heating-pad-with-3-level-menstrual-for-back-or-belly-pain-reliefgrey/p-209747502
30-90pcs Effective Ancient Remedy Herbal Healthy Detox Slimming Belly Pellet,£50.39,https://www.fruugo.co.uk/30-90pcs-effective-ancient-remedy-herbal-healthy-detox-slimming-belly-pellet/p-211581814
Electric Usb Vest Jacket Clothes Heating Pad Heater Winter Warm Thermal Warming,£8.39,https://www.fruugo.co.uk/electric-usb-vest-jacket-clothes-heating-pad-heater-winter-warm-thermal-warming/p-105400296
Electric Usb Vest Jacket Clothes Heating Pad Heater Winter Warm Thermal Warming,£7.19,https://www.fruugo.co.uk/electric-usb-vest-jacket-clothes-heating-pad-heater-winter-warm-thermal-warming/p-104898374
24pcs Pain Relief Patches Wormwood Knee Plaster Rheumatoid Arthritis Massage Sticker,£54.00,https://www.fruugo.co.uk/24pcs-pain-relief-patches-wormwood-knee-plaster-rheumatoid-arthritis-massage-sticker/p-213508529
Car Air-diesel Gasket & Ceramic Glow Plug For Chinese Air-diesel Heater 12v,£24.95,https://www.fruugo.co.uk/car-air-diesel-gasket-ceramic-glow-plug-for-chinese-air-diesel-heater-12v/p-194413525
"24pcs Pain Relief Patches, Arthritis Sticker",£43.95,https://www.fruugo.co.uk/24pcs-pain-relief-patches-arthritis-sticker/p-202758178
"Electric Heating Blanket With 4 Temperature Settings And Timer, Soft Velvet Pad For Room Use",£159.00,https://www.fruugo.co.uk/electric-heating-blanket-with-4-temperature-settings-and-timer-soft-velvet-pad-for-room-use/p-189163545
"Heating Pad For Back Pain Relief Ultra 12""x24"" Large Electric For Muscle Cramps",£56.66,https://www.fruugo.co.uk/heating-pad-for-back-pain-relief-ultra-12x24-large-electric-for-muscle-cramps/p-194041172
Electric Flannel Blanket Usb Heated Wearable Low Voltage Safe Electric Mattress,£59.00,https://www.fruugo.co.uk/electric-flannel-blanket-usb-heated-wearable-low-voltage-safe-electric-mattress/p-110245974
"Women's Heated Vest With 4 Heating Zones, Neck Heating Jacket Usb Charging",£30.59,https://www.fruugo.co.uk/womens-heated-vest-with-4-heating-zones-neck-heating-jacket-usb-charging/p-179809487
"Heating Pad With 3 Level Menstrual For Back Or Belly Pain Relief,grey",£14.27,https://www.fruugo.co.uk/heating-pad-with-3-level-menstrual-for-back-or-belly-pain-reliefgrey/p-188520506
"Intelligent Constant Temperature Heating Coaster, Insulated Water Cup Base, Desk Warmer Heating Pad",£19.46,https://www.fruugo.co.uk/intelligent-constant-temperature-heating-coaster-insulated-water-cup-base-desk-warmer-heating-pad/p-179281516
Electric Hand Warmer Power Bank Double-sided Hand Heater For Men Women Winter 1pcs-black,£51.14,https://www.fruugo.co.uk/electric-hand-warmer-power-bank-double-sided-hand-heater-for-men-women-winter-1pcs-black/p-178884082
24pcs Pain Relief Patches Wormwood Knee Plaster Rheumatoid Arthritis Massage Sticker,£54.00,https://www.fruugo.co.uk/24pcs-pain-relief-patches-wormwood-knee-plaster-rheumatoid-arthritis-massage-sticker/p-213508887
Wireless Abdomen Heating Waist Belt Massager For Menstrual Cramp Relief,£28.95,https://www.fruugo.co.uk/wireless-abdomen-heating-waist-belt-massager-for-menstrual-cramp-relief/p-194415715
商品标题,商品价格,商品详情链接
Electric Usb Vest Jacket Clothes Heating Pad Heater Winter Warm Thermal Warming,£10.95,https://www.fruugo.co.uk/electric-usb-vest-jacket-clothes-heating-pad-heater-winter-warm-thermal-warming/p-194413019
24pcs Pain Relief Patches Wormwood Knee Plaster Rheumatoid Arthritis Massage Sticker,£54.00,https://www.fruugo.co.uk/24pcs-pain-relief-patches-wormwood-knee-plaster-rheumatoid-arthritis-massage-sticker/p-213508229
"Intelligent Constant Temperature Heating Coaster, Insulated Water Cup Base, Desk Warmer Heating Pad",£36.95,https://www.fruugo.co.uk/intelligent-constant-temperature-heating-coaster-insulated-water-cup-base-desk-warmer-heating-pad/p-202758364
Warm-up Heating Blanket Physiotherapy Electric Blanket Single Temperature Control Electric Blanket 60x30cm,£50.42,https://www.fruugo.co.uk/warm-up-heating-blanket-physiotherapy-electric-blanket-single-temperature-control-electric-blanket-60x30cm/p-178879589
"Portable Heated Seat Cushion,usb Heating For Outdoor Stadium Bleacher Camping",£46.95,https://www.fruugo.co.uk/portable-heated-seat-cushionusb-heating-for-outdoor-stadium-bleacher-camping/p-135025931
Country Club Hot Water Bottle With Light Grey Faux Fur Cover,£17.95,https://www.fruugo.co.uk/country-club-hot-water-bottle-with-light-grey-faux-fur-cover/p-75888978
Heating Foot Cover Heating Glove Usb Electric Heating Pad Winter Hand Foot Warmer Washable Household Foot Warmer,£30.95,https://www.fruugo.co.uk/heating-foot-cover-heating-glove-usb-electric-heating-pad-winter-hand-foot-warmer-washable-household-foot-warmer/p-110556265
"Intelligent Constant Temperature Heating Coaster, Insulated Water Cup Base, Desk Warmer Heating Pad",£35.95,https://www.fruugo.co.uk/intelligent-constant-temperature-heating-coaster-insulated-water-cup-base-desk-warmer-heating-pad/p-75889037
24pcs Pain Relief Patches Wormwood Knee Plaster Rheumatoid Arthritis Massage Sticker,£36.95,https://www.fruugo.co.uk/24pcs-pain-relief-patches-wormwood-knee-plaster-rheumatoid-arthritis-massage-sticker/p-194905167
8 In 1 Electric Heating Pads Usb Thermal Heated Pad Winter Body Warmer_p,£12.95,https://www.fruugo.co.uk/8-in-1-electric-heating-pads-usb-thermal-heated-pad-winter-body-warmer_p/p-132645017
3 Pack Usb Electric Winter Scarf Rechargeable Heated Warm Soft Scarfs For Women Cordless Thermal Heating Pads Cramps Men,£22.95,https://www.fruugo.co.uk/3-pack-usb-electric-winter-scarf-rechargeable-heated-warm-soft-scarfs-for-women-cordless-thermal-heating-pads-cramps-men/p-208946884
"Usb Electric Heated Blanket Usb Electric Blanket Bed Heater Thermostat Durable Soft Heating Gift Double Warm Home ,100% New",£54.00,https://www.fruugo.co.uk/usb-electric-heated-blanket-usb-electric-blanket-bed-heater-thermostat-durable-soft-heating-gift-double-warm-home-100-new/p-208946755
4pcs/set Wormwood Self-heating Pain Relieving Patch Knee Paste Sticking Knee,£11.95,https://www.fruugo.co.uk/4pcsset-wormwood-self-heating-pain-relieving-patch-knee-paste-sticking-knee/p-208946889
"Portable Heating Pad, Menstrual Cramp Relief Wearable Heating Pad For Women And Girls",£31.95,https://www.fruugo.co.uk/portable-heating-pad-menstrual-cramp-relief-wearable-heating-pad-for-women-and-girls/p-208946541
2023 New Usb Electric Heated Blanket Usb Electric Blanket Bed Heater Thermostat Durable Soft Heating Gift Double Warm Home,£54.00,https://www.fruugo.co.uk/2023-new-usb-electric-heated-blanket-usb-electric-blanket-bed-heater-thermostat-durable-soft-heating-gift-double-warm-home/p-208946761
Hot Water Bottle Safe Good Heat Retention Cute Cartoon Explosion-proof Refillable Dispel Cold Leakproof Shark Shape Non-electric Hot Water Bag_ahf,£17.05,https://www.fruugo.co.uk/hot-water-bottle-safe-good-heat-retention-cute-cartoon-explosion-proof-refillable-dispel-cold-leakproof-shark-shape-non-electric-hot-water-bag_ahf/p-220403194
350ml Hot Water Bag Portable Cartoon Detachable Reusable Indoor Outdoor Cute Animal Plush Hot Water Bottle For Household_ahf,£13.68,https://www.fruugo.co.uk/350ml-hot-water-bag-portable-cartoon-detachable-reusable-indoor-outdoor-cute-animal-plush-hot-water-bottle-for-household_ahf/p-220408924
500/1000/1750/2000ml Portable Rubber Winter Hot Water Bottle Bag Hand Warmer_ahf,£10.32,https://www.fruugo.co.uk/500100017502000ml-portable-rubber-winter-hot-water-bottle-bag-hand-warmer_ahf/p-220406520
Outdoor Waterproof Courtyard Patio Uv Protector Air Energy Heater Dust Cover_ahf,£30.53,https://www.fruugo.co.uk/outdoor-waterproof-courtyard-patio-uv-protector-air-energy-heater-dust-cover_ahf/p-220404135
450ml Hot Water Bottle Heat-resistant Cartoon Keep Warm Paw Shape Explosion-proof Hand Hot Water Bag For Home_ahf,£15.94,https://www.fruugo.co.uk/450ml-hot-water-bottle-heat-resistant-cartoon-keep-warm-paw-shape-explosion-proof-hand-hot-water-bag-for-home_ahf/p-220406978
500ml/1000ml Hot Water Bottle Cute Hand Warmer Portable Cartoon Plush Hot Warmer Bag For Home Office School_ahf,£12.56,https://www.fruugo.co.uk/500ml1000ml-hot-water-bottle-cute-hand-warmer-portable-cartoon-plush-hot-warmer-bag-for-home-office-school_ahf/p-220406896
Neck Heater Quick Heating Ultra Soft Keep Warm Constant Temperature Winter Men Women Relaxation Neck Warmer For Home_ahf,£18.18,https://www.fruugo.co.uk/neck-heater-quick-heating-ultra-soft-keep-warm-constant-temperature-winter-men-women-relaxation-neck-warmer-for-home_ahf/p-220408561
25 Set/50 Pieces Blind Repair Tabs Super Sticky Adhesive Easy Installation Pre Cut Wide Application Universally Compatible Replacement Transpar_ahf,£11.44,https://www.fruugo.co.uk/25-set50-pieces-blind-repair-tabs-super-sticky-adhesive-easy-installation-pre-cut-wide-application-universally-compatible-replacement-transpar_ahf/p-220403372
1 Set 800ml Hot Water Bag Fluffy Heat Resistant Clear Pattern Reusable Hot Water Bottle Handwarmer For Outdoor_ahf,£19.30,https://www.fruugo.co.uk/1-set-800ml-hot-water-bag-fluffy-heat-resistant-clear-pattern-reusable-hot-water-bottle-handwarmer-for-outdoor_ahf/p-220404544
Portable Girl Winter Leakproof Silicone Hot Water Bag Bottle Hand Warmer Pouch_ahf,£17.05,https://www.fruugo.co.uk/portable-girl-winter-leakproof-silicone-hot-water-bag-bottle-hand-warmer-pouch_ahf/p-220409813
Sewing Ruler Convenient Accurate Scale Acrylic T Shirt Quilting Guide Ruler Household Supplies_ahf,£13.68,https://www.fruugo.co.uk/sewing-ruler-convenient-accurate-scale-acrylic-t-shirt-quilting-guide-ruler-household-supplies_ahf/p-220403648
"Heating Pad With 3 Level Menstrual For Back Or Belly Pain Relief,greyheating Pad With 3 Level Menstrual For Back Or Belly Pain Relief,grey_a_hf",£18.18,https://www.fruugo.co.uk/heating-pad-with-3-level-menstrual-for-back-or-belly-pain-reliefgreyheating-pad-with-3-level-menstrual-for-back-or-belly-pain-reliefgrey_a_hf/p-220390969
Heated Socks Rechargeable Electric Battery Unisex Thermal Foot Warmer,£83.22,https://www.fruugo.co.uk/heated-socks-rechargeable-electric-battery-unisex-thermal-foot-warmer/p-210259878
"Women's Heated Vest With 4 Heating Zones, Neck Heating Jacket Xmas Gift_y",£37.00,https://www.fruugo.co.uk/womens-heated-vest-with-4-heating-zones-neck-heating-jacket-xmas-gift_y/p-166703982
Kids Arm Sling Shoulder Elbow Wrist Injury Brace Immobilizer For Boys And Girls,£16.74,https://www.fruugo.co.uk/kids-arm-sling-shoulder-elbow-wrist-injury-brace-immobilizer-for-boys-and-girls/p-198241984
Travel Foldable Electric Kettle Food Grade Silicone Collapsible Water Kettle Boil Dry For Protection Portable With Dual Voltage And Boil Dry For Prote,£69.00,https://www.fruugo.co.uk/travel-foldable-electric-kettle-food-grade-silicone-collapsible-water-kettle-boil-dry-for-protection-portable-with-dual-voltage-and-boil-dry-for-prote/p-112624472
30pc Slimming Slim Patch Navel Sticker Fat Burning Slimming Products Body Belly,£8.95,https://www.fruugo.co.uk/30pc-slimming-slim-patch-navel-sticker-fat-burning-slimming-products-body-belly/p-193036571
商品标题,商品价格,商品详情链接
Cosy Faux Fur Pom Pom Hot Water Bottle - 2 Litre Hairy Warm For Women Men Kids Gifts In Winter Keep Warm,£22.39,https://www.fruugo.co.uk/cosy-faux-fur-pom-pom-hot-water-bottle-2-litre-hairy-warm-for-women-men-kids-gifts-in-winter-keep-warm/p-204405764
Electric Heating Menstrual Heat Pad Belt For Period Pain Relief Cramps,£22.34,https://www.fruugo.co.uk/electric-heating-menstrual-heat-pad-belt-for-period-pain-relief-cramps/p-155856109
Heated Gloves Winter Thermal Hand Warmer Usb Electric Heating Glove For Indoor Office Bike Cycling Glove Safety 5v,£32.62,https://www.fruugo.co.uk/heated-gloves-winter-thermal-hand-warmer-usb-electric-heating-glove-for-indoor-office-bike-cycling-glove-safety-5v/p-160292277
Farfi Electric Cloth Heater Usb Charging Safe To Use Three-speed Temperature Control Waterproof Carbon Fiber Power Saving Keep Warm Washable 6 In 1 Cl,£11.66,https://www.fruugo.co.uk/farfi-electric-cloth-heater-usb-charging-safe-to-use-three-speed-temperature-control-waterproof-carbon-fiber-power-saving-keep-warm-washable-6-in-1-cl/p-112616588
Farfi 1 Set Usb Charging Heated Insoles Washable Large Heating Area Diy Adjustable Eva Electric Insoles For Daily Life,£10.72,https://www.fruugo.co.uk/farfi-1-set-usb-charging-heated-insoles-washable-large-heating-area-diy-adjustable-eva-electric-insoles-for-daily-life/p-112616348
Farfi Wind-proof Sealing Strip Warm-keeping Soft Noise Reduction Sealing Repair Tape Household Supplies,£7.15,https://www.fruugo.co.uk/farfi-wind-proof-sealing-strip-warm-keeping-soft-noise-reduction-sealing-repair-tape-household-supplies/p-113058145
Farfi Heater Pad Waterproof Carbon Fiber Usb Plug Water Proof Good Stability Three Gear Switch Heating Clothes Adjustable 8 In 1 Clothes Vest Cloth He,£13.50,https://www.fruugo.co.uk/farfi-heater-pad-waterproof-carbon-fiber-usb-plug-water-proof-good-stability-three-gear-switch-heating-clothes-adjustable-8-in-1-clothes-vest-cloth-he/p-112616162
Farfi Heater Sheet Intelligent Dual Control Three Gear Switch Fast-heating Usb Charging Power Saving Heating Clothes Waterproof Carbon Fiber 9 In 1 El,£15.80,https://www.fruugo.co.uk/farfi-heater-sheet-intelligent-dual-control-three-gear-switch-fast-heating-usb-charging-power-saving-heating-clothes-waterproof-carbon-fiber-9-in-1-el/p-112616687
Farfi Heated Blanket Thickened Usb Charging Large Heating Range Safe Using Firm Hem Heating Blanket For Sofa,£70.70,https://www.fruugo.co.uk/farfi-heated-blanket-thickened-usb-charging-large-heating-range-safe-using-firm-hem-heating-blanket-for-sofa/p-113058048
Farfi 1 Set Eva Heated Insoles Usb Charging Cuttable Unisex Large Heating Area Electric Insoles For Daily Life,£11.06,https://www.fruugo.co.uk/farfi-1-set-eva-heated-insoles-usb-charging-cuttable-unisex-large-heating-area-electric-insoles-for-daily-life/p-112616356
Farfi Heating Pad Good Stability Foldable Fast-heating Three-speed Temperature Control Power Saving Keep Warm Washable 2 In 1 Usb Electric Cloth Heate,£9.06,https://www.fruugo.co.uk/farfi-heating-pad-good-stability-foldable-fast-heating-three-speed-temperature-control-power-saving-keep-warm-washable-2-in-1-usb-electric-cloth-heate/p-112616155
2.2lb Large Shoulder Neck Back Heating Shawl Wrap Heat Therapy Heater Weighted Heating Pad For Pain Relief,£126.96,https://www.fruugo.co.uk/22lb-large-shoulder-neck-back-heating-shawl-wrap-heat-therapy-heater-weighted-heating-pad-for-pain-relief/p-133404973
Tourmaline Self-heating Back Support Shoulder Spine Lumbar Posture Correction Magnets Heating Therapy Pain Relief Corset,£43.93,https://www.fruugo.co.uk/tourmaline-self-heating-back-support-shoulder-spine-lumbar-posture-correction-magnets-heating-therapy-pain-relief-corset/p-133404956
Full Back Heating Pad Wrap Whole Back Pain Relief,£120.40,https://www.fruugo.co.uk/full-back-heating-pad-wrap-whole-back-pain-relief/p-133405080
Tourmaline Self-heating Back Support Shoulder Spine Lumbar Posture Correction Magnets Heating Therapy Pain Relief Corset,£43.93,https://www.fruugo.co.uk/tourmaline-self-heating-back-support-shoulder-spine-lumbar-posture-correction-magnets-heating-therapy-pain-relief-corset/p-133404972
Tourmaline Self-heating Back Support Shoulder Spine Lumbar Posture Correction Magnets Heating Therapy Pain Relief Corset,£47.45,https://www.fruugo.co.uk/tourmaline-self-heating-back-support-shoulder-spine-lumbar-posture-correction-magnets-heating-therapy-pain-relief-corset/p-133397060
2.2lb Large Shoulder Neck Back Heating Shawl Wrap Heat Therapy Heater Weighted Heating Pad For Pain Relief,£134.22,https://www.fruugo.co.uk/22lb-large-shoulder-neck-back-heating-shawl-wrap-heat-therapy-heater-weighted-heating-pad-for-pain-relief/p-133397003
Far Infrared Heat Therapy Weighted Electric Heating Pad For Back Pain Relief,£129.47,https://www.fruugo.co.uk/far-infrared-heat-therapy-weighted-electric-heating-pad-for-back-pain-relief/p-133404949
Tourmaline Self-heating Back Support Shoulder Spine Lumbar Posture Correction Magnets Heating Therapy Pain Relief Corset,£47.45,https://www.fruugo.co.uk/tourmaline-self-heating-back-support-shoulder-spine-lumbar-posture-correction-magnets-heating-therapy-pain-relief-corset/p-133397069
Full Back Heating Pad Wrap Whole Back Pain Relief,£130.03,https://www.fruugo.co.uk/full-back-heating-pad-wrap-whole-back-pain-relief/p-133397016
Outdoor portable camping autumn and winter heating seat cushion foldable dust mat,£100.72,https://www.fruugo.co.uk/outdoor-portable-camping-autumn-and-winter-heating-seat-cushion-foldable-dust-mat/p-133330241
Electric heating pad,£193.32,https://www.fruugo.co.uk/electric-heating-pad/p-133394399
Far infrared heating pad for pain relief,£193.32,https://www.fruugo.co.uk/far-infrared-heating-pad-for-pain-relief/p-133394559
Large neck heating shawl,£161.21,https://www.fruugo.co.uk/large-neck-heating-shawl/p-127715520
Electronic heating pad for pain relief,£225.72,https://www.fruugo.co.uk/electronic-heating-pad-for-pain-relief/p-133394206
Electric heating pad,£166.60,https://www.fruugo.co.uk/electric-heating-pad/p-127716443
Pain Relief Heating Pad,£193.32,https://www.fruugo.co.uk/pain-relief-heating-pad/p-133394404
Large neck heating shawl,£174.11,https://www.fruugo.co.uk/large-neck-heating-shawl/p-133393212
Heated shawl scarf electric heating neck shoulder back warming heat pad waist abdomen leg heating blanket,£95.35,https://www.fruugo.co.uk/heated-shawl-scarf-electric-heating-neck-shoulder-back-warming-heat-pad-waist-abdomen-leg-heating-blanket/p-126147806
Stand-up collar and microwave shawl,£152.71,https://www.fruugo.co.uk/stand-up-collar-and-microwave-shawl/p-124693538
Heated neck and back shawl,£149.27,https://www.fruugo.co.uk/heated-neck-and-back-shawl/p-125515276
Far Infrared Heating Pad,£154.42,https://www.fruugo.co.uk/far-infrared-heating-pad/p-125515243
商品标题,商品价格,商品详情链接
Stand-up collar and microwave shawl,£152.71,https://www.fruugo.co.uk/stand-up-collar-and-microwave-shawl/p-125515869
Multifunctional electric heating pad,£154.26,https://www.fruugo.co.uk/multifunctional-electric-heating-pad/p-125509087
Super soft heating pad,£193.32,https://www.fruugo.co.uk/super-soft-heating-pad/p-133394645
Electronic heating pad for pain relief,£193.32,https://www.fruugo.co.uk/electronic-heating-pad-for-pain-relief/p-127717428
Pain Relief Heating Pad,£166.60,https://www.fruugo.co.uk/pain-relief-heating-pad/p-127717643
Electronic heating pad for pain relief,£171.41,https://www.fruugo.co.uk/electronic-heating-pad-for-pain-relief/p-125508993
Tourmaline Self-heating Back Support Shoulder Spine Lumbar Posture Correction Magnets Heating Therapy Pain Relief Corset,£47.45,https://www.fruugo.co.uk/tourmaline-self-heating-back-support-shoulder-spine-lumbar-posture-correction-magnets-heating-therapy-pain-relief-corset/p-133397068
Home office work caravans use multi-electric carpet for foot warming,£174.77,https://www.fruugo.co.uk/home-office-work-caravans-use-multi-electric-carpet-for-foot-warming/p-133405089
Pain Relief Portable Heating Pad,£166.60,https://www.fruugo.co.uk/pain-relief-portable-heating-pad/p-127716707
Heated neck and back shawl,£174.11,https://www.fruugo.co.uk/heated-neck-and-back-shawl/p-133393161
Winter Home Appliances For Back Pain And Cramps Relief Ultra Fast Electric Heating Pad Body Warmer,£116.51,https://www.fruugo.co.uk/winter-home-appliances-for-back-pain-and-cramps-relief-ultra-fast-electric-heating-pad-body-warmer/p-133405058
2.2lb Large Shoulder Neck Back Heating Shawl Wrap Heat Therapy Heater Weighted Heating Pad For Pain Relief,£137.11,https://www.fruugo.co.uk/22lb-large-shoulder-neck-back-heating-shawl-wrap-heat-therapy-heater-weighted-heating-pad-for-pain-relief/p-133397049
8 In 1 Electric Vest Jacket Clothes Heating Pads Usb Thermal Heater Pad Winter Body Warmer Patch,£13.39,https://www.fruugo.co.uk/8-in-1-electric-vest-jacket-clothes-heating-pads-usb-thermal-heater-pad-winter-body-warmer-patch/p-132989919
"Women's Heated Vest With 4 Heating Zones, Neck Heating Jacket",£36.43,https://www.fruugo.co.uk/womens-heated-vest-with-4-heating-zones-neck-heating-jacket/p-133937105
Hot Water Bag Warm Water Bag Hot Water Bottles Cosy Fluffy Soft Plush Cute Pattern 1000ml 26*15cm,£14.28,https://www.fruugo.co.uk/hot-water-bag-warm-water-bag-hot-water-bottles-cosy-fluffy-soft-plush-cute-pattern-1000ml-2615cm/p-132989214
Chinese Style Knee Joint Pain Relief Pad,£7.63,https://www.fruugo.co.uk/chinese-style-knee-joint-pain-relief-pad/p-132990239
"Knee Pain Relief Patches, Pain Relief Patch For Knees, Wormwood Pain Relief Patch For Knee, Back, Neck, Shoulder Pain",£10.75,https://www.fruugo.co.uk/knee-pain-relief-patches-pain-relief-patch-for-knees-wormwood-pain-relief-patch-for-knee-back-neck-shoulder-pain/p-214745674
Car Air-diesel Gasket & Ceramic Glow Plug For Chinese Air-diesel Heater 12v,£12.66,https://www.fruugo.co.uk/car-air-diesel-gasket-ceramic-glow-plug-for-chinese-air-diesel-heater-12v/p-150056298
Usb Heating Travel Machine Washable For Sofa Bed 3 Levels Portable Electric Blanket Winter Warm Soft Plush Car Shawl Camping,£62.15,https://www.fruugo.co.uk/usb-heating-travel-machine-washable-for-sofa-bed-3-levels-portable-electric-blanket-winter-warm-soft-plush-car-shawl-camping/p-197505447
"55 Degree Automatic Insulation Water Cup Milk Heating Coaster, With Gravity Sensor Switchgreen",£22.00,https://www.fruugo.co.uk/55-degree-automatic-insulation-water-cup-milk-heating-coaster-with-gravity-sensor-switchgreen/p-178490189
60pcs Warming Moxibustion Set 30 Wormwood Heat Patch 30 Navel Pills Improving Digest Sleep,£27.78,https://www.fruugo.co.uk/60pcs-warming-moxibustion-set-30-wormwood-heat-patch-30-navel-pills-improving-digest-sleep/p-178488312
1 Pair Heated Insole With Remote Control Foot Warmer For Hunting,£39.62,https://www.fruugo.co.uk/1-pair-heated-insole-with-remote-control-foot-warmer-for-hunting/p-133937049
Heating Belt Menstrual Cramps Relief Period Pain Electric Warming Belt For Women,£13.39,https://www.fruugo.co.uk/heating-belt-menstrual-cramps-relief-period-pain-electric-warming-belt-for-women/p-132991026
"Heating Pad With 3 Level Menstrual For Back Or Belly Pain Relief,grey",£18.19,https://www.fruugo.co.uk/heating-pad-with-3-level-menstrual-for-back-or-belly-pain-reliefgrey/p-150056480
Back Heating Cushion Back Pain Relief,£147.55,https://www.fruugo.co.uk/back-heating-cushion-back-pain-relief/p-124693047
Large neck heating shawl,£149.27,https://www.fruugo.co.uk/large-neck-heating-shawl/p-124693042
Pain Relief Portable Heating Pad,£154.26,https://www.fruugo.co.uk/pain-relief-portable-heating-pad/p-125509026
Far Infrared Heating Pad,£154.42,https://www.fruugo.co.uk/far-infrared-heating-pad/p-124693066
Heated neck and back shawl,£149.27,https://www.fruugo.co.uk/heated-neck-and-back-shawl/p-124693065
Super soft heating pad,£154.26,https://www.fruugo.co.uk/super-soft-heating-pad/p-125509080
Large neck heating shawl,£149.27,https://www.fruugo.co.uk/large-neck-heating-shawl/p-125515240
Pain Relief Heating Pad,£166.60,https://www.fruugo.co.uk/pain-relief-heating-pad/p-127716200
